{"cameraMode":{"drawMode":0,"name":"Shaded","section":"Shading Mode"},"sceneLighting":false,"audioPlay":false,"sceneViewState":{"showFog":true,"showMaterialUpdate":true,"showSkybox":false,"showFlares":true,"showImageEffects":true,"showParticleSystems":true},"in2DMode":false,"pivot":{"x":0.11613769829273224,"y":2.4671692848205568,"z":1.3767063617706299},"rotation":{"x":-0.0046892231330275539,"y":-0.624183177947998,"z":-0.003746497444808483,"w":0.7812552452087402},"size":3.2825841903686525,"orthographic":false}