{"cameraMode":{"drawMode":0,"name":"Shaded","section":"Shading Mode"},"sceneLighting":true,"audioPlay":false,"sceneViewState":{"showFog":true,"showMaterialUpdate":true,"showSkybox":true,"showFlares":true,"showImageEffects":true,"showParticleSystems":true},"in2DMode":false,"pivot":{"x":-0.5900518894195557,"y":2.2066385746002199,"z":-2.012151002883911},"rotation":{"x":0.09730035066604614,"y":0.03045135922729969,"z":-0.002978531876578927,"w":0.9947865009307861},"size":0.49658334255218508,"orthographic":false}